MONTH,PORTFOLIO_RETURN
2015-01,-119.59017678799998
2015-02,-316.05987101000005
2015-03,-170.2829064229999
2015-04,-128.69362788550004
2015-05,-33.9816092415
2015-06,-80.46770767849996
